Date Time, Vehicle Type, Voilation Type, Vehicle Number, Vehicle Image, Fine
2022-11-24 12-24-59,Bike,No Helmet, -,/voilations/voilation_vehicle2022-11-24 12-24-59.jpg,500 
2022-11-24 12-31-36,Bike,No Helmet, -,/voilations/voilation_vehicle2022-11-24 12-31-36.jpg,500 
2022-11-24 12-32-02,Bike,No Helmet, -,/voilations/voilation_vehicle2022-11-24 12-32-02.jpg,500 
2022-11-24 12-32-18,Bike,No Helmet, -,/voilations/voilation_vehicle2022-11-24 12-32-18.jpg,500 
2022-11-24 12-32-30,Bike,No Helmet, -,/voilations/voilation_vehicle2022-11-24 12-32-30.jpg,500 
2022-11-24 12-32-43,Bike,No Helmet, -,/voilations/voilation_vehicle2022-11-24 12-32-43.jpg,500 
2022-11-24 12-34-13,Bike,No Helmet, -,/voilations/voilation_vehicle2022-11-24 12-34-13.jpg,500 
2022-11-24 12-34-25,Bike,No Helmet, -,/voilations/voilation_vehicle2022-11-24 12-34-25.jpg,500 
2022-11-24 12-34-40,Bike,No Helmet, -,/voilations/voilation_vehicle2022-11-24 12-34-40.jpg,500 
2022-11-24 12-34-52,Bike,No Helmet, -,/voilations/voilation_vehicle2022-11-24 12-34-52.jpg,500 
2022-11-24 12-35-15,Bike,No Helmet, -,/voilations/voilation_vehicle2022-11-24 12-35-15.jpg,500 
2022-11-24 12-36-43,Bike,No Helmet, -,/voilations/voilation_vehicle2022-11-24 12-36-43.jpg,500 
2022-11-24 12-36-56,Bike,No Helmet, -,/voilations/voilation_vehicle2022-11-24 12-36-56.jpg,500 
2022-11-24 12-37-17,Bike,No Helmet, -,/voilations/voilation_vehicle2022-11-24 12-37-17.jpg,500 
2022-11-24 12-37-48,Bike,No Helmet, -,/voilations/voilation_vehicle2022-11-24 12-37-48.jpg,500 
2022-11-24 12-38-25,Bike,No Helmet, -,/voilations/voilation_vehicle2022-11-24 12-38-25.jpg,500 
2022-11-24 12-38-37,Bike,No Helmet, -,/voilations/voilation_vehicle2022-11-24 12-38-37.jpg,500 
2022-11-24 12-39-28,Bike,No Helmet, -,/voilations/voilation_vehicle2022-11-24 12-39-28.jpg,500 
2022-11-24 12-39-44,Bike,No Helmet, -,/voilations/voilation_vehicle2022-11-24 12-39-44.jpg,500 
2022-11-24 12-39-58,Bike,No Helmet, -,/voilations/voilation_vehicle2022-11-24 12-39-58.jpg,500 
2022-11-24 12-40-11,Bike,No Helmet, -,/voilations/voilation_vehicle2022-11-24 12-40-11.jpg,500 
2022-11-24 12-40-23,Bike,No Helmet, -,/voilations/voilation_vehicle2022-11-24 12-40-23.jpg,500 
2022-11-24 12-40-36,Bike,No Helmet, -,/voilations/voilation_vehicle2022-11-24 12-40-36.jpg,500 
2022-11-24 12-40-48,Bike,No Helmet, -,/voilations/voilation_vehicle2022-11-24 12-40-48.jpg,500 
2022-11-24 12-41-05,Bike,No Helmet, lmfl179,/voilations/voilation_vehicle2022-11-24 12-41-05.jpg,500 
2022-11-24 12-41-18,Bike,No Helmet, -,/voilations/voilation_vehicle2022-11-24 12-41-18.jpg,500 
2022-11-25 12-10-26,Bike,No Helmet, -,/voilations/voilation_vehicle2022-11-25 12-10-26.jpg,500 
2022-11-25 12-10-36,Bike,No Helmet, -,/voilations/voilation_vehicle2022-11-25 12-10-36.jpg,500 
2022-11-25 12-10-58,Bike,No Helmet, -,/voilations/voilation_vehicle2022-11-25 12-10-58.jpg,500 
2022-11-25 13-18-47,Bike,No Helmet, -,/voilations/voilation_vehicle2022-11-25 13-18-47.jpg,500 
2022-11-25 13-18-57,Bike,No Helmet, -,/voilations/voilation_vehicle2022-11-25 13-18-57.jpg,500 
2022-11-25 13-19-08,Bike,No Helmet, -,/voilations/voilation_vehicle2022-11-25 13-19-08.jpg,500 
2022-11-25 13-19-19,Bike,No Helmet, -,/voilations/voilation_vehicle2022-11-25 13-19-19.jpg,500 
2022-11-25 13-19-30,Bike,No Helmet, -,/voilations/voilation_vehicle2022-11-25 13-19-30.jpg,500 
2022-11-25 13-19-43,Bike,No Helmet, -,/voilations/voilation_vehicle2022-11-25 13-19-43.jpg,500 
2022-11-25 13-19-53,Bike,No Helmet, -,/voilations/voilation_vehicle2022-11-25 13-19-53.jpg,500 
2022-11-25 13-20-03,Bike,No Helmet, -,/voilations/voilation_vehicle2022-11-25 13-20-03.jpg,500 
2022-11-25 13-20-14,Bike,No Helmet, -,/voilations/voilation_vehicle2022-11-25 13-20-14.jpg,500 
2022-11-25 13-34-19,Bike,No Helmet, -,/voilations/voilation_vehicle2022-11-25 13-34-19.jpg,500 
2022-11-25 13-34-29,Bike,No Helmet, -,/voilations/voilation_vehicle2022-11-25 13-34-29.jpg,500 
2022-11-25 13-34-38,Bike,No Helmet, -,/voilations/voilation_vehicle2022-11-25 13-34-38.jpg,500 
2022-11-25 13-34-47,Bike,No Helmet, -,/voilations/voilation_vehicle2022-11-25 13-34-47.jpg,500 
2022-11-25 13-34-57,Bike,No Helmet, -,/voilations/voilation_vehicle2022-11-25 13-34-57.jpg,500 
2022-11-25 13-35-06,Bike,No Helmet, -,/voilations/voilation_vehicle2022-11-25 13-35-06.jpg,500 
2022-11-25 13-35-14,Bike,No Helmet, -,/voilations/voilation_vehicle2022-11-25 13-35-14.jpg,500 
2022-11-25 13-35-24,Bike,No Helmet, -,/voilations/voilation_vehicle2022-11-25 13-35-24.jpg,500 
2022-11-25 13-35-34,Bike,No Helmet, -,/voilations/voilation_vehicle2022-11-25 13-35-34.jpg,500 
2022-11-25 13-36-35,Bike,No Helmet, -,/voilations/voilation_vehicle2022-11-25 13-36-35.jpg,500 
2022-11-25 13-36-45,Bike,No Helmet, -,/voilations/voilation_vehicle2022-11-25 13-36-45.jpg,500 
2022-11-25 13-36-58,Bike,No Helmet, -,/voilations/voilation_vehicle2022-11-25 13-36-58.jpg,500 
2022-11-25 13-37-07,Bike,No Helmet, -,/voilations/voilation_vehicle2022-11-25 13-37-07.jpg,500 
2022-11-25 13-37-15,Bike,No Helmet, -,/voilations/voilation_vehicle2022-11-25 13-37-15.jpg,500 
2022-11-25 13-37-24,Bike,No Helmet, -,/voilations/voilation_vehicle2022-11-25 13-37-24.jpg,500 
2022-11-25 13-37-33,Bike,No Helmet, -,/voilations/voilation_vehicle2022-11-25 13-37-33.jpg,500 
2022-11-25 13-37-42,Bike,No Helmet, -,/voilations/voilation_vehicle2022-11-25 13-37-42.jpg,500 
2022-11-25 13-38-48,Bike,No Helmet, -,/voilations/voilation_vehicle2022-11-25 13-38-48.jpg,500 
2022-11-25 13-38-57,Bike,No Helmet, -,/voilations/voilation_vehicle2022-11-25 13-38-57.jpg,500 
2022-11-25 13-39-45,Bike,No Helmet, -,/voilations/voilation_vehicle2022-11-25 13-39-45.jpg,500 
2022-11-25 13-40-25,Bike,No Helmet, MYMCayte,/voilations/voilation_vehicle2022-11-25 13-40-25.jpg,500 
2022-11-25 13-47-36,Bike,No Helmet, -,/voilations/voilation_vehicle2022-11-25 13-47-36.jpg,500 
2022-11-25 13-48-17,Bike,No Helmet, MYMCayte,/voilations/voilation_vehicle2022-11-25 13-48-17.jpg,500 
2022-11-25 13-51-09,Bike,No Helmet, -,/voilations/voilation_vehicle2022-11-25 13-51-09.jpg,500 
2022-11-25 13-51-18,Bike,No Helmet, -,/voilations/voilation_vehicle2022-11-25 13-51-18.jpg,500 
2022-11-25 13-51-27,Bike,No Helmet, -,/voilations/voilation_vehicle2022-11-25 13-51-27.jpg,500 
2022-11-25 13-51-38,Bike,No Helmet, -,/voilations/voilation_vehicle2022-11-25 13-51-38.jpg,500 
2022-11-25 13-52-25,Bike,No Helmet, -,/voilations/voilation_vehicle2022-11-25 13-52-25.jpg,500 
2022-11-25 13-52-34,Bike,No Helmet, -,/voilations/voilation_vehicle2022-11-25 13-52-34.jpg,500 
2022-11-25 13-52-43,Bike,No Helmet, -,/voilations/voilation_vehicle2022-11-25 13-52-43.jpg,500 
2022-11-25 13-54-46,Bike,No Helmet, -,/voilations/voilation_vehicle2022-11-25 13-54-46.jpg,500 
2022-11-25 13-55-03,Bike,No Helmet, -,/voilations/voilation_vehicle2022-11-25 13-55-03.jpg,500 
2022-11-25 13-55-14,Bike,No Helmet, -,/voilations/voilation_vehicle2022-11-25 13-55-14.jpg,500 
2022-11-25 13-55-24,Bike,No Helmet, ceuss,/voilations/voilation_vehicle2022-11-25 13-55-24.jpg,500 
2022-11-25 13-55-35,Bike,No Helmet, -,/voilations/voilation_vehicle2022-11-25 13-55-35.jpg,500 
2022-11-25 14-00-12,Bike,No Helmet, -,/voilations/voilation_vehicle2022-11-25 14-00-12.jpg,500 
2022-11-25 14-00-40,Bike,No Helmet, -,/voilations/voilation_vehicle2022-11-25 14-00-40.jpg,500 
2022-11-25 14-01-01,Bike,No Helmet, -,/voilations/voilation_vehicle2022-11-25 14-01-01.jpg,500 
2022-11-25 14-01-47,Bike,No Helmet, -,/voilations/voilation_vehicle2022-11-25 14-01-47.jpg,500 
2022-11-25 14-02-05,Bike,No Helmet, -,/voilations/voilation_vehicle2022-11-25 14-02-05.jpg,500 
2022-11-25 14-02-18,Bike,No Helmet, -,/voilations/voilation_vehicle2022-11-25 14-02-18.jpg,500 
2022-11-25 14-02-30,Bike,No Helmet, ceuss,/voilations/voilation_vehicle2022-11-25 14-02-30.jpg,500 
2022-11-25 14-03-20,Bike,No Helmet, -,/voilations/voilation_vehicle2022-11-25 14-03-20.jpg,500 
2022-11-25 14-04-24,Bike,No Helmet, -,/voilations/voilation_vehicle2022-11-25 14-04-24.jpg,500 
2022-11-25 14-04-39,Bike,No Helmet, sulspa,/voilations/voilation_vehicle2022-11-25 14-04-39.jpg,500 
2022-11-25 14-05-47,Bike,No Helmet, -,/voilations/voilation_vehicle2022-11-25 14-05-47.jpg,500 
2022-11-25 14-06-05,Bike,No Helmet, sulspa,/voilations/voilation_vehicle2022-11-25 14-06-05.jpg,500 
2022-11-25 14-06-28,Bike,No Helmet, -,/voilations/voilation_vehicle2022-11-25 14-06-28.jpg,500 
2022-11-25 14-06-41,Bike,No Helmet, seues,/voilations/voilation_vehicle2022-11-25 14-06-41.jpg,500 
2022-11-25 14-07-06,Bike,No Helmet, esve,/voilations/voilation_vehicle2022-11-25 14-07-06.jpg,500 
2022-11-25 14-09-28,Bike,No Helmet, -,/voilations/voilation_vehicle2022-11-25 14-09-28.jpg,500 
2022-11-25 14-09-38,Bike,No Helmet, -,/voilations/voilation_vehicle2022-11-25 14-09-38.jpg,500 
2022-11-25 14-10-01,Bike,No Helmet, -,/voilations/voilation_vehicle2022-11-25 14-10-01.jpg,500 
2022-11-25 14-33-46,Bike,No Helmet, -,/voilations/voilation_vehicle2022-11-25 14-33-46.jpg,500 
2022-11-25 14-33-50,Bike,No Helmet, -,/voilations/voilation_vehicle2022-11-25 14-33-50.jpg,500 
2022-11-25 14-33-59,Bike,No Helmet, -,/voilations/voilation_vehicle2022-11-25 14-33-59.jpg,500 
2022-11-25 14-34-04,Bike,No Helmet, -,/voilations/voilation_vehicle2022-11-25 14-34-04.jpg,500 
2022-11-25 14-34-13,Bike,No Helmet, -,/voilations/voilation_vehicle2022-11-25 14-34-13.jpg,500 
2022-11-25 14-36-03,Bike,No Helmet, -,/voilations/voilation_vehicle2022-11-25 14-36-03.jpg,500 
2022-11-25 14-36-07,Bike,No Helmet, -,/voilations/voilation_vehicle2022-11-25 14-36-07.jpg,500 
2022-11-25 14-36-18,Bike,No Helmet, -,/voilations/voilation_vehicle2022-11-25 14-36-18.jpg,500 
2022-11-25 14-36-21,Bike,No Helmet, -,/voilations/voilation_vehicle2022-11-25 14-36-21.jpg,500 
2022-11-25 14-36-31,Bike,No Helmet, -,/voilations/voilation_vehicle2022-11-25 14-36-31.jpg,500 
2022-11-25 14-36-41,Bike,No Helmet, -,/voilations/voilation_vehicle2022-11-25 14-36-41.jpg,500 
2022-11-25 14-37-30,Bike,No Helmet, -,/voilations/voilation_vehicle2022-11-25 14-37-30.jpg,500 
2022-11-25 14-37-39,Bike,No Helmet, -,/voilations/voilation_vehicle2022-11-25 14-37-39.jpg,500 
2022-11-25 14-37-49,Bike,No Helmet, -,/voilations/voilation_vehicle2022-11-25 14-37-49.jpg,500 
2022-12-08 12-59-01,Bike,No Helmet, -,/voilations/voilation_vehicle2022-12-08 12-59-01.jpg,500 
2022-12-08 13-01-21,Bike,No Helmet, -,/voilations/voilation_vehicle2022-12-08 13-01-21.jpg,500 
2022-12-08 13-01-30,Bike,No Helmet, -,/voilations/voilation_vehicle2022-12-08 13-01-30.jpg,500 
2022-12-08 13-01-39,Bike,No Helmet, -,/voilations/voilation_vehicle2022-12-08 13-01-39.jpg,500 
2022-12-08 13-01-50,Bike,No Helmet, -,/voilations/voilation_vehicle2022-12-08 13-01-50.jpg,500 
2022-12-08 13-02-17,Bike,No Helmet, -,/voilations/voilation_vehicle2022-12-08 13-02-17.jpg,500 
2022-12-08 13-02-39,Bike,No Helmet, SOHEVc683Uh,/voilations/voilation_vehicle2022-12-08 13-02-39.jpg,500 
2022-12-08 13-02-46,Bike,No Helmet, AceSFCTs09_EVooo,/voilations/voilation_vehicle2022-12-08 13-02-46.jpg,500 
2022-12-08 13-02-53,Bike,No Helmet, Qu50ENSa,/voilations/voilation_vehicle2022-12-08 13-02-53.jpg,500 
2022-12-08 13-03-02,Bike,No Helmet, 7309EV06982,/voilations/voilation_vehicle2022-12-08 13-03-02.jpg,500 
2022-12-08 13-04-34,Bike,No Helmet, -,/voilations/voilation_vehicle2022-12-08 13-04-34.jpg,500 
2022-12-08 13-04-43,Bike,No Helmet, -,/voilations/voilation_vehicle2022-12-08 13-04-43.jpg,500 
2022-12-08 13-04-54,Bike,No Helmet, -,/voilations/voilation_vehicle2022-12-08 13-04-54.jpg,500 
2022-12-08 13-05-05,Bike,No Helmet, -,/voilations/voilation_vehicle2022-12-08 13-05-05.jpg,500 
2022-12-08 13-05-33,Bike,No Helmet, -,/voilations/voilation_vehicle2022-12-08 13-05-33.jpg,500 
2022-12-08 13-05-58,Bike,No Helmet, SOHEVc683Uh,/voilations/voilation_vehicle2022-12-08 13-05-58.jpg,500 
2022-12-08 13-06-05,Bike,No Helmet, Bu50CN,/voilations/voilation_vehicle2022-12-08 13-06-05.jpg,500 
2022-12-08 13-06-13,Bike,No Helmet, Qu50ENSa,/voilations/voilation_vehicle2022-12-08 13-06-13.jpg,500 
2022-12-08 13-06-22,Bike,No Helmet, 7309EV06982,/voilations/voilation_vehicle2022-12-08 13-06-22.jpg,500 
2022-12-08 13-06-40,Bike,No Helmet, obgevtsogo,/voilations/voilation_vehicle2022-12-08 13-06-40.jpg,500 
2022-12-08 13-07-23,Bike,No Helmet, -,/voilations/voilation_vehicle2022-12-08 13-07-23.jpg,500 
2022-12-08 13-07-35,Bike,No Helmet, -,/voilations/voilation_vehicle2022-12-08 13-07-35.jpg,500 
2022-12-08 13-07-45,Bike,No Helmet, -,/voilations/voilation_vehicle2022-12-08 13-07-45.jpg,500 
2022-12-08 13-07-57,Bike,No Helmet, -,/voilations/voilation_vehicle2022-12-08 13-07-57.jpg,500 
2022-12-08 13-08-18,Bike,No Helmet, -,/voilations/voilation_vehicle2022-12-08 13-08-18.jpg,500 
2022-12-08 13-08-43,Bike,No Helmet, SOHEVc683Uh,/voilations/voilation_vehicle2022-12-08 13-08-43.jpg,500 
2022-12-08 13-08-54,Bike,No Helmet, AceSFCTs09_EVooo,/voilations/voilation_vehicle2022-12-08 13-08-54.jpg,500 
2022-12-08 13-09-02,Bike,No Helmet, Qu50ENSa,/voilations/voilation_vehicle2022-12-08 13-09-02.jpg,500 
2022-12-08 13-09-10,Bike,No Helmet, 7309EV06982,/voilations/voilation_vehicle2022-12-08 13-09-10.jpg,500 
2022-12-08 13-09-24,Bike,No Helmet, obgevtsogo,/voilations/voilation_vehicle2022-12-08 13-09-24.jpg,500 
2022-12-08 13-09-35,Bike,No Helmet, evtsogo,/voilations/voilation_vehicle2022-12-08 13-09-35.jpg,500 
2022-12-08 13-11-11,Bike,No Helmet, -,/voilations/voilation_vehicle2022-12-08 13-11-11.jpg,500 
2022-12-08 13-11-20,Bike,No Helmet, -,/voilations/voilation_vehicle2022-12-08 13-11-20.jpg,500 
2022-12-08 13-11-31,Bike,No Helmet, -,/voilations/voilation_vehicle2022-12-08 13-11-31.jpg,500 
2022-12-08 13-11-39,Bike,No Helmet, -,/voilations/voilation_vehicle2022-12-08 13-11-39.jpg,500 
2022-12-08 13-11-48,Bike,No Helmet, -,/voilations/voilation_vehicle2022-12-08 13-11-48.jpg,500 
2022-12-08 13-11-56,Bike,No Helmet, -,/voilations/voilation_vehicle2022-12-08 13-11-56.jpg,500 
2022-12-08 13-12-07,Bike,No Helmet, -,/voilations/voilation_vehicle2022-12-08 13-12-07.jpg,500 
2022-12-08 13-12-18,Bike,No Helmet, -,/voilations/voilation_vehicle2022-12-08 13-12-18.jpg,500 
2022-12-08 13-12-26,Bike,No Helmet, -,/voilations/voilation_vehicle2022-12-08 13-12-26.jpg,500 
2022-12-08 13-12-39,Bike,No Helmet, -,/voilations/voilation_vehicle2022-12-08 13-12-39.jpg,500 
2022-12-08 13-12-47,Bike,No Helmet, -,/voilations/voilation_vehicle2022-12-08 13-12-47.jpg,500 
2022-12-08 13-12-56,Bike,No Helmet, -,/voilations/voilation_vehicle2022-12-08 13-12-56.jpg,500 
2022-12-08 13-13-07,Bike,No Helmet, -,/voilations/voilation_vehicle2022-12-08 13-13-07.jpg,500 
2022-12-08 13-22-49,Bike,No Helmet, cleer,/voilations/voilation_vehicle2022-12-08 13-22-49.jpg,500 
2022-12-08 13-23-04,Bike,No Helmet, -,/voilations/voilation_vehicle2022-12-08 13-23-04.jpg,500 
2022-12-08 13-23-12,Bike,No Helmet, daee,/voilations/voilation_vehicle2022-12-08 13-23-12.jpg,500 
2022-12-08 13-23-25,Bike,No Helmet, esdrde,/voilations/voilation_vehicle2022-12-08 13-23-25.jpg,500 
2023-02-24 14-10-40,Bike,No Helmet, cleer,/voilations/voilation_vehicle2023-02-24 14-10-40.jpg,500 
2023-02-24 14-11-47,Bike,No Helmet, -,/voilations/voilation_vehicle2023-02-24 14-11-47.jpg,500 
2023-02-24 14-12-01,Bike,No Helmet, sulspa,/voilations/voilation_vehicle2023-02-24 14-12-01.jpg,500 
2023-02-24 14-12-16,Bike,No Helmet, -,/voilations/voilation_vehicle2023-02-24 14-12-16.jpg,500 
2023-02-24 14-12-26,Bike,No Helmet, seues,/voilations/voilation_vehicle2023-02-24 14-12-26.jpg,500 
2023-02-24 14-12-37,Bike,No Helmet, esve,/voilations/voilation_vehicle2023-02-24 14-12-37.jpg,500 
2023-02-24 14-12-52,Bike,No Helmet, -,/voilations/voilation_vehicle2023-02-24 14-12-52.jpg,500 
2023-02-24 14-13-07,Bike,No Helmet, -,/voilations/voilation_vehicle2023-02-24 14-13-07.jpg,500 
2023-02-24 14-13-19,Bike,No Helmet, crad,/voilations/voilation_vehicle2023-02-24 14-13-19.jpg,500 
2023-02-24 14-13-34,Bike,No Helmet, -,/voilations/voilation_vehicle2023-02-24 14-13-34.jpg,500 
2023-02-24 14-14-44,Bike,No Helmet, -,/voilations/voilation_vehicle2023-02-24 14-14-44.jpg,500 
2023-02-24 14-14-58,Bike,No Helmet, sulspa,/voilations/voilation_vehicle2023-02-24 14-14-58.jpg,500 
2023-02-24 14-15-13,Bike,No Helmet, -,/voilations/voilation_vehicle2023-02-24 14-15-13.jpg,500 
2023-02-24 14-15-24,Bike,No Helmet, seues,/voilations/voilation_vehicle2023-02-24 14-15-24.jpg,500 
2023-02-24 14-15-34,Bike,No Helmet, esve,/voilations/voilation_vehicle2023-02-24 14-15-34.jpg,500 
2023-02-24 14-15-50,Bike,No Helmet, -,/voilations/voilation_vehicle2023-02-24 14-15-50.jpg,500 
2023-02-24 14-16-04,Bike,No Helmet, -,/voilations/voilation_vehicle2023-02-24 14-16-04.jpg,500 
2023-02-24 14-16-17,Bike,No Helmet, crad,/voilations/voilation_vehicle2023-02-24 14-16-17.jpg,500 
2023-02-24 14-36-02,Bike,No Helmet, lfsmgevesz,/voilations/voilation_vehicle2023-02-24 14-36-02.jpg,500 
2023-02-24 14-36-14,Bike,No Helmet, -,/voilations/voilation_vehicle2023-02-24 14-36-14.jpg,500 
2023-02-24 14-36-39,Bike,No Helmet, tsseyes3z,/voilations/voilation_vehicle2023-02-24 14-36-39.jpg,500 
2023-02-24 14-36-48,Bike,No Helmet, eveisz,/voilations/voilation_vehicle2023-02-24 14-36-48.jpg,500 
2023-02-24 14-36-58,Bike,No Helmet, ufs09evssjz,/voilations/voilation_vehicle2023-02-24 14-36-58.jpg,500 
2023-02-24 14-40-49,Bike,No Helmet, lfsmgevesz,/voilations/voilation_vehicle2023-02-24 14-40-49.jpg,500 
2023-02-24 18-41-05,Bike,No Helmet, lfsmgevesz,/voilations/voilation_vehicle2023-02-24 18-41-05.jpg,500 
2023-02-24 18-41-21,Bike,No Helmet, -,/voilations/voilation_vehicle2023-02-24 18-41-21.jpg,500 
2023-02-24 18-41-50,Bike,No Helmet, tsseyes3z,/voilations/voilation_vehicle2023-02-24 18-41-50.jpg,500 
2023-02-24 20-47-05,Bike,No Helmet, -,/voilations/voilation_vehicle2023-02-24 20-47-05.jpg,500 
2023-02-24 20-47-21,Bike,No Helmet, -,/voilations/voilation_vehicle2023-02-24 20-47-21.jpg,500 
2023-02-24 20-47-48,Bike,No Helmet, -,/voilations/voilation_vehicle2023-02-24 20-47-48.jpg,500 
2023-02-24 20-50-14,Bike,No Helmet, lfsmgevesz,/voilations/voilation_vehicle2023-02-24 20-50-14.jpg,500 
2023-02-24 20-55-55,Bike,No Helmet, lfsmgevesz,/voilations/voilation_vehicle2023-02-24 20-55-55.jpg,500 
2023-02-24 20-56-59,Bike,No Helmet, lennwhy,/voilations/voilation_vehicle2023-02-24 20-56-59.jpg,500 
2023-02-24 20-59-01,Bike,No Helmet, tsseyes3z,/voilations/voilation_vehicle2023-02-24 20-59-01.jpg,500 
2023-02-24 20-59-58,Bike,No Helmet, eveisz,/voilations/voilation_vehicle2023-02-24 20-59-58.jpg,500 
2023-02-24 21-00-49,Bike,No Helmet, ufs09evssjz,/voilations/voilation_vehicle2023-02-24 21-00-49.jpg,500 
2023-02-24 21-04-44,Bike,No Helmet, tsrsevsiz,/voilations/voilation_vehicle2023-02-24 21-04-44.jpg,500 
2023-02-24 21-05-27,Bike,No Helmet, eyai3z,/voilations/voilation_vehicle2023-02-24 21-05-27.jpg,500 
2023-02-24 21-06-38,Bike,No Helmet, atsy6932,/voilations/voilation_vehicle2023-02-24 21-06-38.jpg,500 
2023-02-24 21-07-34,Bike,No Helmet, 500Heies3t_,/voilations/voilation_vehicle2023-02-24 21-07-34.jpg,500 
2023-02-24 21-08-23,Bike,No Helmet, -,/voilations/voilation_vehicle2023-02-24 21-08-23.jpg,500 
2023-02-24 21-08-32,Bike,No Helmet, -,/voilations/voilation_vehicle2023-02-24 21-08-32.jpg,500 
2023-02-24 21-08-42,Bike,No Helmet, -,/voilations/voilation_vehicle2023-02-24 21-08-42.jpg,500 
2023-02-24 21-08-53,Bike,No Helmet, -,/voilations/voilation_vehicle2023-02-24 21-08-53.jpg,500 
2023-02-24 21-09-02,Bike,No Helmet, -,/voilations/voilation_vehicle2023-02-24 21-09-02.jpg,500 
2023-02-24 21-09-12,Bike,No Helmet, -,/voilations/voilation_vehicle2023-02-24 21-09-12.jpg,500 
2023-02-24 21-09-23,Bike,No Helmet, -,/voilations/voilation_vehicle2023-02-24 21-09-23.jpg,500 
2023-02-24 21-10-57,Bike,No Helmet, lfsmgevesz,/voilations/voilation_vehicle2023-02-24 21-10-57.jpg,500 
2023-02-24 21-11-05,Bike,No Helmet, lennwhy,/voilations/voilation_vehicle2023-02-24 21-11-05.jpg,500 
2023-02-24 21-12-47,Bike,No Helmet, tsseyes3z,/voilations/voilation_vehicle2023-02-24 21-12-47.jpg,500 
2023-02-24 21-13-39,Bike,No Helmet, eveisz,/voilations/voilation_vehicle2023-02-24 21-13-39.jpg,500 
2023-02-24 21-14-24,Bike,No Helmet, ufs09evssjz,/voilations/voilation_vehicle2023-02-24 21-14-24.jpg,500 
2023-02-24 21-18-11,Bike,No Helmet, tsrsevsiz,/voilations/voilation_vehicle2023-02-24 21-18-11.jpg,500 
2023-02-24 21-18-33,Bike,No Helmet, eyai3z,/voilations/voilation_vehicle2023-02-24 21-18-33.jpg,500 
2023-02-24 21-18-46,Bike,No Helmet, atsy6932,/voilations/voilation_vehicle2023-02-24 21-18-46.jpg,500 
2023-02-24 21-18-54,Bike,No Helmet, 500Heies3t_,/voilations/voilation_vehicle2023-02-24 21-18-54.jpg,500 
2023-02-24 21-19-14,Bike,No Helmet, -,/voilations/voilation_vehicle2023-02-24 21-19-14.jpg,500 
2023-02-24 21-19-24,Bike,No Helmet, -,/voilations/voilation_vehicle2023-02-24 21-19-24.jpg,500 
2023-02-24 21-19-34,Bike,No Helmet, -,/voilations/voilation_vehicle2023-02-24 21-19-34.jpg,500 
2023-02-24 21-19-43,Bike,No Helmet, -,/voilations/voilation_vehicle2023-02-24 21-19-43.jpg,500 
2023-02-24 21-19-53,Bike,No Helmet, -,/voilations/voilation_vehicle2023-02-24 21-19-53.jpg,500 
2023-02-24 21-20-17,Bike,No Helmet, -,/voilations/voilation_vehicle2023-02-24 21-20-17.jpg,500 
2023-02-24 21-21-00,Bike,No Helmet, -,/voilations/voilation_vehicle2023-02-24 21-21-00.jpg,500 
2023-02-25 09-48-27,Bike,No Helmet, lfsmgevesz,/voilations/voilation_vehicle2023-02-25 09-48-27.jpg,500 
2023-02-25 09-48-46,Bike,No Helmet, lennwhy,/voilations/voilation_vehicle2023-02-25 09-48-46.jpg,500 
2023-02-25 09-51-05,Bike,No Helmet, tsseyes3z,/voilations/voilation_vehicle2023-02-25 09-51-05.jpg,500 
2023-02-25 09-51-26,Bike,No Helmet, eveisz,/voilations/voilation_vehicle2023-02-25 09-51-26.jpg,500 
2023-02-25 09-52-20,Bike,No Helmet, ufs09evssjz,/voilations/voilation_vehicle2023-02-25 09-52-20.jpg,500 
2023-02-25 09-55-54,Bike,No Helmet, tsrsevsiz,/voilations/voilation_vehicle2023-02-25 09-55-54.jpg,500 
2023-02-25 09-56-06,Bike,No Helmet, eyai3z,/voilations/voilation_vehicle2023-02-25 09-56-06.jpg,500 
2023-02-25 09-56-50,Bike,No Helmet, atsy6932,/voilations/voilation_vehicle2023-02-25 09-56-50.jpg,500 
2023-02-25 09-57-17,Bike,No Helmet, 500Heies3t_,/voilations/voilation_vehicle2023-02-25 09-57-17.jpg,500 
2023-02-25 09-57-41,Bike,No Helmet, -,/voilations/voilation_vehicle2023-02-25 09-57-41.jpg,500 
2023-02-25 09-57-54,Bike,No Helmet, -,/voilations/voilation_vehicle2023-02-25 09-57-54.jpg,500 
2023-02-25 09-58-07,Bike,No Helmet, -,/voilations/voilation_vehicle2023-02-25 09-58-07.jpg,500 
2023-02-25 09-58-20,Bike,No Helmet, -,/voilations/voilation_vehicle2023-02-25 09-58-20.jpg,500 
2023-02-25 09-58-31,Bike,No Helmet, -,/voilations/voilation_vehicle2023-02-25 09-58-31.jpg,500 
2023-02-25 09-58-44,Bike,No Helmet, -,/voilations/voilation_vehicle2023-02-25 09-58-44.jpg,500 
2023-02-25 09-58-55,Bike,No Helmet, -,/voilations/voilation_vehicle2023-02-25 09-58-55.jpg,500 
2023-02-25 10-01-37,Bike,No Helmet, lfsmgevesz,/voilations/voilation_vehicle2023-02-25 10-01-37.jpg,500 
2023-02-25 10-03-04,Bike,No Helmet, lennwhy,/voilations/voilation_vehicle2023-02-25 10-03-04.jpg,500 
2023-02-25 10-04-16,Bike,No Helmet, tsseyes3z,/voilations/voilation_vehicle2023-02-25 10-04-16.jpg,500 
2023-02-25 10-05-22,Bike,No Helmet, eveisz,/voilations/voilation_vehicle2023-02-25 10-05-22.jpg,500 
2023-02-25 10-06-12,Bike,No Helmet, ufs09evssjz,/voilations/voilation_vehicle2023-02-25 10-06-12.jpg,500 
2023-02-25 10-08-16,Bike,No Helmet, tsrsevsiz,/voilations/voilation_vehicle2023-02-25 10-08-16.jpg,500 
2023-02-25 10-09-13,Bike,No Helmet, eyai3z,/voilations/voilation_vehicle2023-02-25 10-09-13.jpg,500 
2023-02-25 10-09-32,Bike,No Helmet, atsy6932,/voilations/voilation_vehicle2023-02-25 10-09-32.jpg,500 
2023-02-25 10-10-35,Bike,No Helmet, 500Heies3t_,/voilations/voilation_vehicle2023-02-25 10-10-35.jpg,500 
2023-02-25 10-10-57,Bike,No Helmet, -,/voilations/voilation_vehicle2023-02-25 10-10-57.jpg,500 
2023-02-25 10-11-32,Bike,No Helmet, -,/voilations/voilation_vehicle2023-02-25 10-11-32.jpg,500 
2023-02-25 10-12-05,Bike,No Helmet, -,/voilations/voilation_vehicle2023-02-25 10-12-05.jpg,500 
2023-02-25 10-12-17,Bike,No Helmet, -,/voilations/voilation_vehicle2023-02-25 10-12-17.jpg,500 
2023-02-25 10-13-10,Bike,No Helmet, -,/voilations/voilation_vehicle2023-02-25 10-13-10.jpg,500 
2023-02-25 10-13-36,Bike,No Helmet, -,/voilations/voilation_vehicle2023-02-25 10-13-36.jpg,500 
2023-02-25 10-13-48,Bike,No Helmet, -,/voilations/voilation_vehicle2023-02-25 10-13-48.jpg,500 
2023-02-25 10-20-10,Bike,No Helmet, lfsmgevesz,/voilations/voilation_vehicle2023-02-25 10-20-10.jpg,500 
2023-02-25 10-20-21,Bike,No Helmet, lennwhy,/voilations/voilation_vehicle2023-02-25 10-20-21.jpg,500 
2023-02-25 10-20-44,Bike,No Helmet, tsseyes3z,/voilations/voilation_vehicle2023-02-25 10-20-44.jpg,500 
2023-02-25 10-20-55,Bike,No Helmet, eveisz,/voilations/voilation_vehicle2023-02-25 10-20-55.jpg,500 
2023-02-25 10-21-05,Bike,No Helmet, ufs09evssjz,/voilations/voilation_vehicle2023-02-25 10-21-05.jpg,500 
2023-02-25 10-21-52,Bike,No Helmet, tsrsevsiz,/voilations/voilation_vehicle2023-02-25 10-21-52.jpg,500 
2023-02-25 10-22-03,Bike,No Helmet, eyai3z,/voilations/voilation_vehicle2023-02-25 10-22-03.jpg,500 
2023-02-25 10-22-19,Bike,No Helmet, atsy6932,/voilations/voilation_vehicle2023-02-25 10-22-19.jpg,500 
2023-02-25 10-22-31,Bike,No Helmet, 500Heies3t_,/voilations/voilation_vehicle2023-02-25 10-22-31.jpg,500 
2023-02-25 10-23-58,Bike,No Helmet, -,/voilations/voilation_vehicle2023-02-25 10-23-58.jpg,500 
2023-02-25 10-24-49,Bike,No Helmet, -,/voilations/voilation_vehicle2023-02-25 10-24-49.jpg,500 
2023-02-25 10-25-00,Bike,No Helmet, -,/voilations/voilation_vehicle2023-02-25 10-25-00.jpg,500 
2023-02-25 10-25-12,Bike,No Helmet, -,/voilations/voilation_vehicle2023-02-25 10-25-12.jpg,500 
2023-02-25 10-25-24,Bike,No Helmet, -,/voilations/voilation_vehicle2023-02-25 10-25-24.jpg,500 
2023-02-25 10-25-35,Bike,No Helmet, -,/voilations/voilation_vehicle2023-02-25 10-25-35.jpg,500 
2023-02-25 10-25-59,Bike,No Helmet, -,/voilations/voilation_vehicle2023-02-25 10-25-59.jpg,500 
2023-02-25 10-29-44,Bike,No Helmet, -,/voilations/voilation_vehicle2023-02-25 10-29-44.jpg,500 
2023-02-25 10-29-58,Bike,No Helmet, -,/voilations/voilation_vehicle2023-02-25 10-29-58.jpg,500 
2023-02-25 10-31-05,Bike,No Helmet, -,/voilations/voilation_vehicle2023-02-25 10-31-05.jpg,500 
2023-02-25 11-09-12,Bike,No Helmet, -,/voilations/voilation_vehicle2023-02-25 11-09-12.jpg,500 
2023-02-25 11-09-28,Bike,No Helmet, -,/voilations/voilation_vehicle2023-02-25 11-09-28.jpg,500 
2023-02-25 11-09-54,Bike,No Helmet, -,/voilations/voilation_vehicle2023-02-25 11-09-54.jpg,500 
2023-02-25 14-38-55,Bike,No Helmet, -,/voilations/voilation_vehicle2023-02-25 14-38-55.jpg,500 
2023-02-25 14-39-21,Bike,No Helmet, -,/voilations/voilation_vehicle2023-02-25 14-39-21.jpg,500 
2023-02-28 18-42-04,Bike,No Helmet, -,/voilations/voilation_vehicle2023-02-28 18-42-04.jpg,500 
2023-02-28 18-42-20,Bike,No Helmet, -,/voilations/voilation_vehicle2023-02-28 18-42-20.jpg,500 
2023-02-28 18-42-51,Bike,No Helmet, -,/voilations/voilation_vehicle2023-02-28 18-42-51.jpg,500 
2023-02-28 20-10-07,Bike,No Helmet, -,/voilations/voilation_vehicle2023-02-28 20-10-07.jpg,500 
2023-02-28 20-10-24,Bike,No Helmet, -,/voilations/voilation_vehicle2023-02-28 20-10-24.jpg,500 
2023-02-28 20-10-47,Bike,No Helmet, -,/voilations/voilation_vehicle2023-02-28 20-10-47.jpg,500 
2023-04-14 20-16-33,Bike,No Helmet, -,/voilations/voilation_vehicle2023-04-14 20-16-33.jpg,500 
2023-04-14 20-16-46,Bike,No Helmet, -,/voilations/voilation_vehicle2023-04-14 20-16-46.jpg,500 
2023-04-14 20-18-09,Bike,No Helmet, -,/voilations/voilation_vehicle2023-04-14 20-18-09.jpg,500 
2023-04-15 09-56-34,Bike,No Helmet, -,/voilations/voilation_vehicle2023-04-15 09-56-34.jpg,500 
2023-04-15 09-56-50,Bike,No Helmet, -,/voilations/voilation_vehicle2023-04-15 09-56-50.jpg,500 
2023-04-15 09-57-16,Bike,No Helmet, -,/voilations/voilation_vehicle2023-04-15 09-57-16.jpg,500 
2023-04-15 10-17-34,Bike,No Helmet, -,/voilations/voilation_vehicle2023-04-15 10-17-34.jpg,500 
2023-04-15 10-17-51,Bike,No Helmet, -,/voilations/voilation_vehicle2023-04-15 10-17-51.jpg,500 
2023-04-15 10-18-15,Bike,No Helmet, -,/voilations/voilation_vehicle2023-04-15 10-18-15.jpg,500 
2023-04-18 17-25-49,Bike,No Helmet, -,/voilations/voilation_vehicle2023-04-18 17-25-49.jpg,500 
2023-04-18 17-26-02,Bike,No Helmet, -,/voilations/voilation_vehicle2023-04-18 17-26-02.jpg,500 
2023-04-18 17-27-49,Bike,No Helmet, -,/voilations/voilation_vehicle2023-04-18 17-27-49.jpg,500 
2023-04-18 18-04-58,Bike,No Helmet, -,/voilations/voilation_vehicle2023-04-18 18-04-58.jpg,500 
2023-04-18 18-05-12,Bike,No Helmet, -,/voilations/voilation_vehicle2023-04-18 18-05-12.jpg,500 
2023-04-18 18-05-36,Bike,No Helmet, -,/voilations/voilation_vehicle2023-04-18 18-05-36.jpg,500 
2023-04-18 18-10-48,Bike,No Helmet, -,/voilations/voilation_vehicle2023-04-18 18-10-48.jpg,500 
2023-04-18 18-11-25,Bike,No Helmet, -,/voilations/voilation_vehicle2023-04-18 18-11-25.jpg,500 
2023-04-18 18-12-01,Bike,No Helmet, -,/voilations/voilation_vehicle2023-04-18 18-12-01.jpg,500 
2023-04-18 18-15-16,Bike,No Helmet, -,/voilations/voilation_vehicle2023-04-18 18-15-16.jpg,500 
2023-04-18 18-15-28,Bike,No Helmet, -,/voilations/voilation_vehicle2023-04-18 18-15-28.jpg,500 
2023-04-18 18-15-52,Bike,No Helmet, -,/voilations/voilation_vehicle2023-04-18 18-15-52.jpg,500 
2023-04-18 18-19-34,Bike,No Helmet, lfsmgevesz,/voilations/voilation_vehicle2023-04-18 18-19-34.jpg,500 
2023-04-18 18-20-02,Bike,No Helmet, lennwhy,/voilations/voilation_vehicle2023-04-18 18-20-02.jpg,500 
2023-04-18 18-20-24,Bike,No Helmet, tsseyes3z,/voilations/voilation_vehicle2023-04-18 18-20-24.jpg,500 
2023-04-18 18-20-35,Bike,No Helmet, eveisz,/voilations/voilation_vehicle2023-04-18 18-20-35.jpg,500 
2023-04-18 18-20-45,Bike,No Helmet, ufs09evssjz,/voilations/voilation_vehicle2023-04-18 18-20-45.jpg,500 
2023-04-18 18-22-31,Bike,No Helmet, tsrsevsiz,/voilations/voilation_vehicle2023-04-18 18-22-31.jpg,500 
2023-04-18 18-23-15,Bike,No Helmet, eyai3z,/voilations/voilation_vehicle2023-04-18 18-23-15.jpg,500 
2023-04-18 18-24-27,Bike,No Helmet, atsy6932,/voilations/voilation_vehicle2023-04-18 18-24-27.jpg,500 
2023-04-18 18-25-02,Bike,No Helmet, 500Heies3t_,/voilations/voilation_vehicle2023-04-18 18-25-02.jpg,500 
2023-04-18 18-25-25,Bike,No Helmet, -,/voilations/voilation_vehicle2023-04-18 18-25-25.jpg,500 
2023-04-18 18-25-36,Bike,No Helmet, -,/voilations/voilation_vehicle2023-04-18 18-25-36.jpg,500 
2023-04-18 18-25-47,Bike,No Helmet, -,/voilations/voilation_vehicle2023-04-18 18-25-47.jpg,500 
2023-04-18 18-25-58,Bike,No Helmet, -,/voilations/voilation_vehicle2023-04-18 18-25-58.jpg,500 
2023-04-18 18-26-10,Bike,No Helmet, -,/voilations/voilation_vehicle2023-04-18 18-26-10.jpg,500 
2023-04-18 18-26-21,Bike,No Helmet, -,/voilations/voilation_vehicle2023-04-18 18-26-21.jpg,500 
2023-04-18 18-26-33,Bike,No Helmet, -,/voilations/voilation_vehicle2023-04-18 18-26-33.jpg,500 
2023-04-29 10-22-24,Bike,No Helmet, lfsmgevesz,/voilations/voilation_vehicle2023-04-29 10-22-24.jpg,500 
2023-04-29 10-22-36,Bike,No Helmet, lennwhy,/voilations/voilation_vehicle2023-04-29 10-22-36.jpg,500 
2023-04-29 10-22-57,Bike,No Helmet, tsseyes3z,/voilations/voilation_vehicle2023-04-29 10-22-57.jpg,500 
2023-04-29 10-23-08,Bike,No Helmet, eveisz,/voilations/voilation_vehicle2023-04-29 10-23-08.jpg,500 
2023-04-29 10-23-19,Bike,No Helmet, ufs09evssjz,/voilations/voilation_vehicle2023-04-29 10-23-19.jpg,500 
2023-04-29 10-24-02,Bike,No Helmet, tsrsevsiz,/voilations/voilation_vehicle2023-04-29 10-24-02.jpg,500 
2023-04-29 10-24-12,Bike,No Helmet, eyai3z,/voilations/voilation_vehicle2023-04-29 10-24-12.jpg,500 
2023-04-29 10-24-28,Bike,No Helmet, atsy6932,/voilations/voilation_vehicle2023-04-29 10-24-28.jpg,500 
2023-04-29 10-24-39,Bike,No Helmet, 500Heies3t_,/voilations/voilation_vehicle2023-04-29 10-24-39.jpg,500 
2023-04-29 10-25-02,Bike,No Helmet, -,/voilations/voilation_vehicle2023-04-29 10-25-02.jpg,500 
2023-04-29 10-25-14,Bike,No Helmet, -,/voilations/voilation_vehicle2023-04-29 10-25-14.jpg,500 
2023-04-29 10-25-25,Bike,No Helmet, -,/voilations/voilation_vehicle2023-04-29 10-25-25.jpg,500 
2023-04-29 10-25-36,Bike,No Helmet, -,/voilations/voilation_vehicle2023-04-29 10-25-36.jpg,500 
2023-04-29 10-25-48,Bike,No Helmet, -,/voilations/voilation_vehicle2023-04-29 10-25-48.jpg,500 
2023-04-29 10-26-01,Bike,No Helmet, -,/voilations/voilation_vehicle2023-04-29 10-26-01.jpg,500 
2023-04-29 10-26-12,Bike,No Helmet, -,/voilations/voilation_vehicle2023-04-29 10-26-12.jpg,500 
2023-04-29 12-03-42,Bike,No Helmet, lfsmgevesz,/voilations/voilation_vehicle2023-04-29 12-03-42.jpg,500 
2023-04-29 12-03-55,Bike,No Helmet, lennwhy,/voilations/voilation_vehicle2023-04-29 12-03-55.jpg,500 
2023-04-29 12-04-19,Bike,No Helmet, tsseyes3z,/voilations/voilation_vehicle2023-04-29 12-04-19.jpg,500 
2023-04-29 12-04-29,Bike,No Helmet, eveisz,/voilations/voilation_vehicle2023-04-29 12-04-29.jpg,500 
2023-04-29 12-04-41,Bike,No Helmet, ufs09evssjz,/voilations/voilation_vehicle2023-04-29 12-04-41.jpg,500 
2023-04-29 12-05-27,Bike,No Helmet, tsrsevsiz,/voilations/voilation_vehicle2023-04-29 12-05-27.jpg,500 
2023-04-29 12-05-37,Bike,No Helmet, eyai3z,/voilations/voilation_vehicle2023-04-29 12-05-37.jpg,500 
2023-04-29 12-05-52,Bike,No Helmet, atsy6932,/voilations/voilation_vehicle2023-04-29 12-05-52.jpg,500 
2023-04-29 12-06-03,Bike,No Helmet, 500Heies3t_,/voilations/voilation_vehicle2023-04-29 12-06-03.jpg,500 
2023-04-29 12-06-26,Bike,No Helmet, -,/voilations/voilation_vehicle2023-04-29 12-06-26.jpg,500 
2023-04-29 12-06-38,Bike,No Helmet, -,/voilations/voilation_vehicle2023-04-29 12-06-38.jpg,500 
2023-04-29 12-06-50,Bike,No Helmet, -,/voilations/voilation_vehicle2023-04-29 12-06-50.jpg,500 
2023-04-29 12-07-04,Bike,No Helmet, -,/voilations/voilation_vehicle2023-04-29 12-07-04.jpg,500 
2023-04-29 12-07-17,Bike,No Helmet, -,/voilations/voilation_vehicle2023-04-29 12-07-17.jpg,500 
2023-04-29 12-07-28,Bike,No Helmet, -,/voilations/voilation_vehicle2023-04-29 12-07-28.jpg,500 
2023-04-29 12-07-41,Bike,No Helmet, -,/voilations/voilation_vehicle2023-04-29 12-07-41.jpg,500 
2023-04-29 12-13-03,Bike,No Helmet, lfsmgevesz,/voilations/voilation_vehicle2023-04-29 12-13-03.jpg,500 
2023-04-29 12-13-15,Bike,No Helmet, lennwhy,/voilations/voilation_vehicle2023-04-29 12-13-15.jpg,500 
2023-04-29 12-13-36,Bike,No Helmet, tsseyes3z,/voilations/voilation_vehicle2023-04-29 12-13-36.jpg,500 
2023-04-29 12-13-47,Bike,No Helmet, eveisz,/voilations/voilation_vehicle2023-04-29 12-13-47.jpg,500 
2023-04-29 12-13-58,Bike,No Helmet, ufs09evssjz,/voilations/voilation_vehicle2023-04-29 12-13-58.jpg,500 
2023-04-29 12-14-40,Bike,No Helmet, tsrsevsiz,/voilations/voilation_vehicle2023-04-29 12-14-40.jpg,500 
2023-04-29 12-14-51,Bike,No Helmet, eyai3z,/voilations/voilation_vehicle2023-04-29 12-14-51.jpg,500 
2023-04-29 12-15-06,Bike,No Helmet, atsy6932,/voilations/voilation_vehicle2023-04-29 12-15-06.jpg,500 
2023-04-29 12-15-16,Bike,No Helmet, 500Heies3t_,/voilations/voilation_vehicle2023-04-29 12-15-16.jpg,500 
2023-04-29 12-15-38,Bike,No Helmet, -,/voilations/voilation_vehicle2023-04-29 12-15-38.jpg,500 
2023-04-29 12-15-51,Bike,No Helmet, -,/voilations/voilation_vehicle2023-04-29 12-15-51.jpg,500 
2023-04-29 12-16-03,Bike,No Helmet, -,/voilations/voilation_vehicle2023-04-29 12-16-03.jpg,500 
2023-04-29 12-16-14,Bike,No Helmet, -,/voilations/voilation_vehicle2023-04-29 12-16-14.jpg,500 
2023-04-29 12-16-26,Bike,No Helmet, -,/voilations/voilation_vehicle2023-04-29 12-16-26.jpg,500 
2023-04-29 12-16-38,Bike,No Helmet, -,/voilations/voilation_vehicle2023-04-29 12-16-38.jpg,500 
2023-04-29 12-16-49,Bike,No Helmet, -,/voilations/voilation_vehicle2023-04-29 12-16-49.jpg,500 
2023-04-29 15-06-31,Bike,No Helmet, lfsmgevesz,/voilations/voilation_vehicle2023-04-29 15-06-31.jpg,500 
2023-04-29 15-06-42,Bike,No Helmet, lennwhy,/voilations/voilation_vehicle2023-04-29 15-06-42.jpg,500 
2023-04-29 15-07-04,Bike,No Helmet, tsseyes3z,/voilations/voilation_vehicle2023-04-29 15-07-04.jpg,500 
2023-04-29 15-07-15,Bike,No Helmet, eveisz,/voilations/voilation_vehicle2023-04-29 15-07-15.jpg,500 
2023-04-29 15-07-25,Bike,No Helmet, ufs09evssjz,/voilations/voilation_vehicle2023-04-29 15-07-25.jpg,500 
2023-04-29 15-08-06,Bike,No Helmet, tsrsevsiz,/voilations/voilation_vehicle2023-04-29 15-08-06.jpg,500 
2023-04-29 15-08-17,Bike,No Helmet, eyai3z,/voilations/voilation_vehicle2023-04-29 15-08-17.jpg,500 
2023-04-29 15-08-34,Bike,No Helmet, atsy6932,/voilations/voilation_vehicle2023-04-29 15-08-34.jpg,500 
2023-04-29 15-08-44,Bike,No Helmet, 500Heies3t_,/voilations/voilation_vehicle2023-04-29 15-08-44.jpg,500 
2023-04-29 15-09-07,Bike,No Helmet, -,/voilations/voilation_vehicle2023-04-29 15-09-07.jpg,500 
2023-04-29 15-09-23,Bike,No Helmet, -,/voilations/voilation_vehicle2023-04-29 15-09-23.jpg,500 
2023-04-29 15-09-35,Bike,No Helmet, -,/voilations/voilation_vehicle2023-04-29 15-09-35.jpg,500 
2023-04-29 15-09-48,Bike,No Helmet, -,/voilations/voilation_vehicle2023-04-29 15-09-48.jpg,500 
2023-04-29 15-10-00,Bike,No Helmet, -,/voilations/voilation_vehicle2023-04-29 15-10-00.jpg,500 
2023-04-29 15-10-15,Bike,No Helmet, -,/voilations/voilation_vehicle2023-04-29 15-10-15.jpg,500 
2023-04-29 15-10-43,Bike,No Helmet, -,/voilations/voilation_vehicle2023-04-29 15-10-43.jpg,500 
2023-05-03 11-13-21,Bike,No Helmet, lfsmgevesz,/voilations/voilation_vehicle2023-05-03 11-13-21.jpg,500 
2023-05-03 11-13-41,Bike,No Helmet, lennwhy,/voilations/voilation_vehicle2023-05-03 11-13-41.jpg,500 
2023-05-03 11-14-16,Bike,No Helmet, tsseyes3z,/voilations/voilation_vehicle2023-05-03 11-14-16.jpg,500 
2023-05-03 11-14-34,Bike,No Helmet, eveisz,/voilations/voilation_vehicle2023-05-03 11-14-34.jpg,500 
2023-05-03 11-14-50,Bike,No Helmet, ufs09evssjz,/voilations/voilation_vehicle2023-05-03 11-14-50.jpg,500 
2023-05-03 11-16-04,Bike,No Helmet, tsrsevsiz,/voilations/voilation_vehicle2023-05-03 11-16-04.jpg,500 
2023-05-03 11-16-19,Bike,No Helmet, eyai3z,/voilations/voilation_vehicle2023-05-03 11-16-19.jpg,500 
2023-05-03 11-16-42,Bike,No Helmet, atsy6932,/voilations/voilation_vehicle2023-05-03 11-16-42.jpg,500 
2023-05-03 11-19-28,Bike,No Helmet, 500Heies3t_,/voilations/voilation_vehicle2023-05-03 11-19-28.jpg,500 
2023-05-03 11-19-46,Bike,No Helmet, -,/voilations/voilation_vehicle2023-05-03 11-19-46.jpg,500 
2023-05-03 11-20-06,Bike,No Helmet, -,/voilations/voilation_vehicle2023-05-03 11-20-06.jpg,500 
2023-05-03 11-20-13,Bike,No Helmet, -,/voilations/voilation_vehicle2023-05-03 11-20-13.jpg,500 
2023-05-03 11-20-21,Bike,No Helmet, -,/voilations/voilation_vehicle2023-05-03 11-20-21.jpg,500 
2023-05-03 11-20-29,Bike,No Helmet, -,/voilations/voilation_vehicle2023-05-03 11-20-29.jpg,500 
2023-05-03 11-20-56,Bike,No Helmet, -,/voilations/voilation_vehicle2023-05-03 11-20-56.jpg,500 
2023-05-03 11-21-35,Bike,No Helmet, -,/voilations/voilation_vehicle2023-05-03 11-21-35.jpg,500 
2023-05-03 11-23-54,Bike,No Helmet, lfsmgevesz,/voilations/voilation_vehicle2023-05-03 11-23-54.jpg,500 
2023-05-03 11-24-01,Bike,No Helmet, lennwhy,/voilations/voilation_vehicle2023-05-03 11-24-01.jpg,500 
2023-05-03 11-24-18,Bike,No Helmet, tsseyes3z,/voilations/voilation_vehicle2023-05-03 11-24-18.jpg,500 
2023-05-03 11-24-24,Bike,No Helmet, eveisz,/voilations/voilation_vehicle2023-05-03 11-24-24.jpg,500 
2023-05-03 11-24-30,Bike,No Helmet, ufs09evssjz,/voilations/voilation_vehicle2023-05-03 11-24-30.jpg,500 
2023-05-05 20-46-58,Bike,No Helmet, lfsmgevesz,/voilations/voilation_vehicle2023-05-05 20-46-58.jpg,500 
2023-05-05 20-47-12,Bike,No Helmet, lennwhy,/voilations/voilation_vehicle2023-05-05 20-47-12.jpg,500 
2023-05-05 20-47-37,Bike,No Helmet, tsseyes3z,/voilations/voilation_vehicle2023-05-05 20-47-37.jpg,500 
2023-05-05 20-47-47,Bike,No Helmet, eveisz,/voilations/voilation_vehicle2023-05-05 20-47-47.jpg,500 
2023-05-05 20-47-58,Bike,No Helmet, ufs09evssjz,/voilations/voilation_vehicle2023-05-05 20-47-58.jpg,500 
2023-05-05 20-48-44,Bike,No Helmet, tsrsevsiz,/voilations/voilation_vehicle2023-05-05 20-48-44.jpg,500 
2023-05-05 20-48-55,Bike,No Helmet, eyai3z,/voilations/voilation_vehicle2023-05-05 20-48-55.jpg,500 
2023-05-05 20-49-13,Bike,No Helmet, atsy6932,/voilations/voilation_vehicle2023-05-05 20-49-13.jpg,500 
2023-05-05 20-49-26,Bike,No Helmet, 500Heies3t_,/voilations/voilation_vehicle2023-05-05 20-49-26.jpg,500 
2023-05-05 20-49-53,Bike,No Helmet, -,/voilations/voilation_vehicle2023-05-05 20-49-53.jpg,500 
2023-05-05 20-50-12,Bike,No Helmet, -,/voilations/voilation_vehicle2023-05-05 20-50-12.jpg,500 
2023-05-15 11-19-56,Bike,No Helmet, lfsmgevesz,/voilations/voilation_vehicle2023-05-15 11-19-56.jpg,500 
2023-05-15 11-20-09,Bike,No Helmet, lennwhy,/voilations/voilation_vehicle2023-05-15 11-20-09.jpg,500 
2023-05-15 11-20-32,Bike,No Helmet, tsseyes3z,/voilations/voilation_vehicle2023-05-15 11-20-32.jpg,500 
2023-05-15 11-20-44,Bike,No Helmet, eveisz,/voilations/voilation_vehicle2023-05-15 11-20-44.jpg,500 
2023-05-15 11-20-54,Bike,No Helmet, ufs09evssjz,/voilations/voilation_vehicle2023-05-15 11-20-54.jpg,500 
2023-05-15 11-21-41,Bike,No Helmet, tsrsevsiz,/voilations/voilation_vehicle2023-05-15 11-21-41.jpg,500 
2023-05-15 11-21-53,Bike,No Helmet, eyai3z,/voilations/voilation_vehicle2023-05-15 11-21-53.jpg,500 
2023-05-15 11-22-10,Bike,No Helmet, atsy6932,/voilations/voilation_vehicle2023-05-15 11-22-10.jpg,500 
2023-05-15 11-22-22,Bike,No Helmet, 500Heies3t_,/voilations/voilation_vehicle2023-05-15 11-22-22.jpg,500 
2023-05-15 11-22-48,Bike,No Helmet, -,/voilations/voilation_vehicle2023-05-15 11-22-48.jpg,500 
2023-05-15 11-23-01,Bike,No Helmet, -,/voilations/voilation_vehicle2023-05-15 11-23-01.jpg,500 
2023-05-15 11-23-13,Bike,No Helmet, -,/voilations/voilation_vehicle2023-05-15 11-23-13.jpg,500 
2023-05-15 11-23-26,Bike,No Helmet, -,/voilations/voilation_vehicle2023-05-15 11-23-26.jpg,500 
2023-05-15 11-23-40,Bike,No Helmet, -,/voilations/voilation_vehicle2023-05-15 11-23-40.jpg,500 
2023-05-15 11-23-53,Bike,No Helmet, -,/voilations/voilation_vehicle2023-05-15 11-23-53.jpg,500 
2023-05-15 11-24-06,Bike,No Helmet, -,/voilations/voilation_vehicle2023-05-15 11-24-06.jpg,500 
2024-04-17 17-06-21,Bike,No Helmet, tsr9evesz,/voilations/voilation_vehicle2024-04-17 17-06-21.jpg,500 
2024-04-17 17-06-30,Bike,No Helmet, tsryevess7,/voilations/voilation_vehicle2024-04-17 17-06-30.jpg,500 
2024-04-17 17-06-42,Bike,No Helmet, rsevesz,/voilations/voilation_vehicle2024-04-17 17-06-42.jpg,500 
2024-04-17 17-06-50,Bike,No Helmet, tsyeves3z,/voilations/voilation_vehicle2024-04-17 17-06-50.jpg,500 
2024-04-17 17-06-58,Bike,No Helmet, eveiz,/voilations/voilation_vehicle2024-04-17 17-06-58.jpg,500 
2024-04-17 17-07-05,Bike,No Helmet, kfst5evssjz,/voilations/voilation_vehicle2024-04-17 17-07-05.jpg,500 
2024-04-17 17-07-33,Bike,No Helmet, tsff9evezz,/voilations/voilation_vehicle2024-04-17 17-07-33.jpg,500 
2024-04-17 17-07-41,Bike,No Helmet, tst9evei3z,/voilations/voilation_vehicle2024-04-17 17-07-41.jpg,500 
2024-04-17 17-07-52,Bike,No Helmet, eiessz,/voilations/voilation_vehicle2024-04-17 17-07-52.jpg,500 
2024-04-20 01-30-55,Bike,No Helmet, tsr9evesz,/voilations/voilation_vehicle2024-04-20 01-30-55.jpg,500 
2024-04-20 01-31-05,Bike,No Helmet, tsryevess7,/voilations/voilation_vehicle2024-04-20 01-31-05.jpg,500 
2024-04-20 01-31-16,Bike,No Helmet, rsevesz,/voilations/voilation_vehicle2024-04-20 01-31-16.jpg,500 
2024-04-20 01-31-23,Bike,No Helmet, tsyeves3z,/voilations/voilation_vehicle2024-04-20 01-31-23.jpg,500 
2024-04-20 01-31-30,Bike,No Helmet, eveiz,/voilations/voilation_vehicle2024-04-20 01-31-30.jpg,500 
2024-04-20 01-31-37,Bike,No Helmet, kfst5evssjz,/voilations/voilation_vehicle2024-04-20 01-31-37.jpg,500 
2024-04-20 01-32-07,Bike,No Helmet, tsff9evezz,/voilations/voilation_vehicle2024-04-20 01-32-07.jpg,500 
2024-04-20 01-32-14,Bike,No Helmet, tst9evei3z,/voilations/voilation_vehicle2024-04-20 01-32-14.jpg,500 
2024-04-20 01-32-25,Bike,No Helmet, eiessz,/voilations/voilation_vehicle2024-04-20 01-32-25.jpg,500 
2024-04-21 15-03-16,Bike,No Helmet, tsr9evesz,/voilations/voilation_vehicle2024-04-21 15-03-16.jpg,500 
2024-04-21 15-03-21,Bike,No Helmet, tsryevess7,/voilations/voilation_vehicle2024-04-21 15-03-21.jpg,500 
2024-04-21 15-03-29,Bike,No Helmet, rsevesz,/voilations/voilation_vehicle2024-04-21 15-03-29.jpg,500 
2024-04-21 15-03-33,Bike,No Helmet, tsyeves3z,/voilations/voilation_vehicle2024-04-21 15-03-33.jpg,500 
2024-04-21 15-03-37,Bike,No Helmet, eveiz,/voilations/voilation_vehicle2024-04-21 15-03-37.jpg,500 
2024-04-21 15-03-41,Bike,No Helmet, kfst5evssjz,/voilations/voilation_vehicle2024-04-21 15-03-41.jpg,500 
2024-04-21 15-04-07,Bike,No Helmet, tsff9evezz,/voilations/voilation_vehicle2024-04-21 15-04-07.jpg,500 
2024-04-21 15-04-12,Bike,No Helmet, tst9evei3z,/voilations/voilation_vehicle2024-04-21 15-04-12.jpg,500 
2024-04-21 15-04-19,Bike,No Helmet, eiessz,/voilations/voilation_vehicle2024-04-21 15-04-19.jpg,500 
2024-04-21 15-07-13,Bike,No Helmet, tsr9evesz,/voilations/voilation_vehicle2024-04-21 15-07-13.jpg,500 
2024-04-21 15-07-18,Bike,No Helmet, tsryevess7,/voilations/voilation_vehicle2024-04-21 15-07-18.jpg,500 
2024-04-21 15-07-26,Bike,No Helmet, rsevesz,/voilations/voilation_vehicle2024-04-21 15-07-26.jpg,500 
2024-04-21 15-07-30,Bike,No Helmet, tsyeves3z,/voilations/voilation_vehicle2024-04-21 15-07-30.jpg,500 
2024-04-21 15-07-34,Bike,No Helmet, eveiz,/voilations/voilation_vehicle2024-04-21 15-07-34.jpg,500 
2024-04-21 15-07-38,Bike,No Helmet, kfst5evssjz,/voilations/voilation_vehicle2024-04-21 15-07-38.jpg,500 
2024-04-21 15-08-03,Bike,No Helmet, tsff9evezz,/voilations/voilation_vehicle2024-04-21 15-08-03.jpg,500 
2024-04-21 15-08-07,Bike,No Helmet, tst9evei3z,/voilations/voilation_vehicle2024-04-21 15-08-07.jpg,500 
2024-04-21 15-08-15,Bike,No Helmet, eiessz,/voilations/voilation_vehicle2024-04-21 15-08-15.jpg,500 
2024-04-21 15-17-07,Bike,No Helmet, tsr9evesz,/voilations/voilation_vehicle2024-04-21 15-17-07.jpg,500 
2024-04-21 15-17-11,Bike,No Helmet, tsryevess7,/voilations/voilation_vehicle2024-04-21 15-17-11.jpg,500 
2024-04-21 15-17-19,Bike,No Helmet, rsevesz,/voilations/voilation_vehicle2024-04-21 15-17-19.jpg,500 
2024-04-21 15-17-23,Bike,No Helmet, tsyeves3z,/voilations/voilation_vehicle2024-04-21 15-17-23.jpg,500 
2024-04-21 15-17-28,Bike,No Helmet, eveiz,/voilations/voilation_vehicle2024-04-21 15-17-28.jpg,500 
2024-04-21 15-17-32,Bike,No Helmet, kfst5evssjz,/voilations/voilation_vehicle2024-04-21 15-17-32.jpg,500 
2024-04-21 15-17-59,Bike,No Helmet, tsff9evezz,/voilations/voilation_vehicle2024-04-21 15-17-59.jpg,500 
2024-04-21 15-18-03,Bike,No Helmet, tst9evei3z,/voilations/voilation_vehicle2024-04-21 15-18-03.jpg,500 
2024-04-21 15-18-10,Bike,No Helmet, eiessz,/voilations/voilation_vehicle2024-04-21 15-18-10.jpg,500 
2024-04-21 15-19-10,Bike,No Helmet, tsr9evesz,/voilations/voilation_vehicle2024-04-21 15-19-10.jpg,500 
2024-04-21 15-19-15,Bike,No Helmet, tsryevess7,/voilations/voilation_vehicle2024-04-21 15-19-15.jpg,500 
2024-04-21 15-19-23,Bike,No Helmet, rsevesz,/voilations/voilation_vehicle2024-04-21 15-19-23.jpg,500 
2024-04-21 15-19-27,Bike,No Helmet, tsyeves3z,/voilations/voilation_vehicle2024-04-21 15-19-27.jpg,500 
2024-04-21 15-19-31,Bike,No Helmet, eveiz,/voilations/voilation_vehicle2024-04-21 15-19-31.jpg,500 
2024-04-21 15-19-35,Bike,No Helmet, kfst5evssjz,/voilations/voilation_vehicle2024-04-21 15-19-35.jpg,500 
2024-04-21 15-20-24,Bike,No Helmet, tsr9evesz,/voilations/voilation_vehicle2024-04-21 15-20-24.jpg,500 
2024-04-21 15-20-29,Bike,No Helmet, tsryevess7,/voilations/voilation_vehicle2024-04-21 15-20-29.jpg,500 
2024-04-21 15-20-37,Bike,No Helmet, rsevesz,/voilations/voilation_vehicle2024-04-21 15-20-37.jpg,500 
2024-04-21 15-20-41,Bike,No Helmet, tsyeves3z,/voilations/voilation_vehicle2024-04-21 15-20-41.jpg,500 
2024-04-21 15-20-45,Bike,No Helmet, eveiz,/voilations/voilation_vehicle2024-04-21 15-20-45.jpg,500 
2024-04-21 15-20-49,Bike,No Helmet, kfst5evssjz,/voilations/voilation_vehicle2024-04-21 15-20-49.jpg,500 
2024-04-21 15-21-16,Bike,No Helmet, tsff9evezz,/voilations/voilation_vehicle2024-04-21 15-21-16.jpg,500 
2024-04-21 15-21-20,Bike,No Helmet, tst9evei3z,/voilations/voilation_vehicle2024-04-21 15-21-20.jpg,500 
2024-04-21 15-21-28,Bike,No Helmet, eiessz,/voilations/voilation_vehicle2024-04-21 15-21-28.jpg,500 
2024-04-21 15-22-52,Bike,No Helmet, tsr9evesz,/voilations/voilation_vehicle2024-04-21 15-22-52.jpg,500 
2024-04-21 15-22-56,Bike,No Helmet, tsryevess7,/voilations/voilation_vehicle2024-04-21 15-22-56.jpg,500 
2024-04-21 15-26-01,Bike,No Helmet, tsr9evesz,/voilations/voilation_vehicle2024-04-21 15-26-01.jpg,500 
2024-04-21 15-26-06,Bike,No Helmet, tsryevess7,/voilations/voilation_vehicle2024-04-21 15-26-06.jpg,500 
2024-04-21 15-26-14,Bike,No Helmet, rsevesz,/voilations/voilation_vehicle2024-04-21 15-26-14.jpg,500 
2024-04-21 15-26-18,Bike,No Helmet, tsyeves3z,/voilations/voilation_vehicle2024-04-21 15-26-18.jpg,500 
2024-04-21 15-26-22,Bike,No Helmet, eveiz,/voilations/voilation_vehicle2024-04-21 15-26-22.jpg,500 
2024-04-21 15-26-26,Bike,No Helmet, kfst5evssjz,/voilations/voilation_vehicle2024-04-21 15-26-26.jpg,500 
2024-04-21 15-26-52,Bike,No Helmet, tsff9evezz,/voilations/voilation_vehicle2024-04-21 15-26-52.jpg,500 
2024-04-21 15-26-56,Bike,No Helmet, tst9evei3z,/voilations/voilation_vehicle2024-04-21 15-26-56.jpg,500 
2024-04-21 15-27-04,Bike,No Helmet, eiessz,/voilations/voilation_vehicle2024-04-21 15-27-04.jpg,500 
2024-04-21 15-47-03,Bike,No Helmet, tsr9evesz,/voilations/voilation_vehicle2024-04-21 15-47-03.jpg,500 
2024-04-21 15-47-08,Bike,No Helmet, tsryevess7,/voilations/voilation_vehicle2024-04-21 15-47-08.jpg,500 
2024-04-21 15-47-16,Bike,No Helmet, rsevesz,/voilations/voilation_vehicle2024-04-21 15-47-16.jpg,500 
2024-04-21 15-47-21,Bike,No Helmet, tsyeves3z,/voilations/voilation_vehicle2024-04-21 15-47-21.jpg,500 
2024-04-21 15-47-25,Bike,No Helmet, eveiz,/voilations/voilation_vehicle2024-04-21 15-47-25.jpg,500 
2024-04-21 15-47-29,Bike,No Helmet, kfst5evssjz,/voilations/voilation_vehicle2024-04-21 15-47-29.jpg,500 
2024-04-21 15-47-56,Bike,No Helmet, tsff9evezz,/voilations/voilation_vehicle2024-04-21 15-47-56.jpg,500 
2024-04-21 15-48-00,Bike,No Helmet, tst9evei3z,/voilations/voilation_vehicle2024-04-21 15-48-00.jpg,500 
2024-04-21 15-48-08,Bike,No Helmet, eiessz,/voilations/voilation_vehicle2024-04-21 15-48-08.jpg,500 
2024-04-21 16-02-40,Bike,No Helmet, tsr9evesz,/voilations/voilation_vehicle2024-04-21 16-02-40.jpg,500 
2024-04-21 16-02-49,Bike,No Helmet, tsryevess7,/voilations/voilation_vehicle2024-04-21 16-02-49.jpg,500 
2024-04-21 16-03-01,Bike,No Helmet, rsevesz,/voilations/voilation_vehicle2024-04-21 16-03-01.jpg,500 
2024-04-21 16-03-09,Bike,No Helmet, tsyeves3z,/voilations/voilation_vehicle2024-04-21 16-03-09.jpg,500 
2024-04-21 16-03-18,Bike,No Helmet, eveiz,/voilations/voilation_vehicle2024-04-21 16-03-18.jpg,500 
2024-04-21 22-47-05,Bike,No Helmet, tsrgeleszz,/voilations/voilation_vehicle2024-04-21 22-47-05.jpg,500 
2024-04-21 22-47-14,Bike,No Helmet, eve132,/voilations/voilation_vehicle2024-04-21 22-47-14.jpg,500 
2024-04-21 22-48-23,Bike,No Helmet, -,/voilations/voilation_vehicle2024-04-21 22-48-23.jpg,500 
2024-04-21 22-48-34,Bike,No Helmet, -,/voilations/voilation_vehicle2024-04-21 22-48-34.jpg,500 
2024-04-21 22-48-44,Bike,No Helmet, -,/voilations/voilation_vehicle2024-04-21 22-48-44.jpg,500 
2024-04-21 22-48-54,Bike,No Helmet, -,/voilations/voilation_vehicle2024-04-21 22-48-54.jpg,500 
2024-04-21 22-49-05,Bike,No Helmet, -,/voilations/voilation_vehicle2024-04-21 22-49-05.jpg,500 
2024-04-21 22-49-15,Bike,No Helmet, -,/voilations/voilation_vehicle2024-04-21 22-49-15.jpg,500 
2024-04-24 01-45-51,Bike,No Helmet, -,/voilations/voilation_vehicle2024-04-24 01-45-51.jpg,500 
2024-04-24 01-46-01,Bike,No Helmet, -,/voilations/voilation_vehicle2024-04-24 01-46-01.jpg,500 
2024-04-24 01-46-11,Bike,No Helmet, -,/voilations/voilation_vehicle2024-04-24 01-46-11.jpg,500 
2024-04-24 01-46-21,Bike,No Helmet, -,/voilations/voilation_vehicle2024-04-24 01-46-21.jpg,500 
2024-04-24 02-08-53,Bike,No Helmet, -,/voilations/voilation_vehicle2024-04-24 02-08-53.jpg,500 
2024-04-24 02-09-03,Bike,No Helmet, -,/voilations/voilation_vehicle2024-04-24 02-09-03.jpg,500 
2024-04-24 02-18-40,Bike,No Helmet, -,/voilations/voilation_vehicle2024-04-24 02-18-40.jpg,500 
2024-04-24 02-18-50,Bike,No Helmet, -,/voilations/voilation_vehicle2024-04-24 02-18-50.jpg,500 
2024-04-24 02-19-37,Bike,No Helmet, tsrgeleszz,/voilations/voilation_vehicle2024-04-24 02-19-37.jpg,500 
2024-04-24 02-19-46,Bike,No Helmet, eve132,/voilations/voilation_vehicle2024-04-24 02-19-46.jpg,500 
2024-04-24 02-19-54,Bike,No Helmet, 5evesiz,/voilations/voilation_vehicle2024-04-24 02-19-54.jpg,500 
2024-04-24 02-20-02,Bike,No Helmet, fts19eviikz,/voilations/voilation_vehicle2024-04-24 02-20-02.jpg,500 
2024-04-24 02-20-10,Bike,No Helmet, fgeve332,/voilations/voilation_vehicle2024-04-24 02-20-10.jpg,500 
2024-04-24 02-20-18,Bike,No Helmet, 09seve93z,/voilations/voilation_vehicle2024-04-24 02-20-18.jpg,500 
2024-04-24 02-20-30,Bike,No Helmet, taeve372,/voilations/voilation_vehicle2024-04-24 02-20-30.jpg,500 
2024-04-24 02-20-53,Bike,No Helmet, aist9evessz,/voilations/voilation_vehicle2024-04-24 02-20-53.jpg,500 
2024-04-24 02-21-01,Bike,No Helmet, ves3z,/voilations/voilation_vehicle2024-04-24 02-21-01.jpg,500 
2024-04-24 02-21-38,Bike,No Helmet, tsr9evesz,/voilations/voilation_vehicle2024-04-24 02-21-38.jpg,500 
2024-04-24 02-21-46,Bike,No Helmet, tsryevess7,/voilations/voilation_vehicle2024-04-24 02-21-46.jpg,500 
2024-04-24 02-21-58,Bike,No Helmet, rsevesz,/voilations/voilation_vehicle2024-04-24 02-21-58.jpg,500 
2024-04-24 02-22-06,Bike,No Helmet, tsyeves3z,/voilations/voilation_vehicle2024-04-24 02-22-06.jpg,500 
2024-04-24 02-22-14,Bike,No Helmet, eveiz,/voilations/voilation_vehicle2024-04-24 02-22-14.jpg,500 
2024-04-24 02-22-22,Bike,No Helmet, kfst5evssjz,/voilations/voilation_vehicle2024-04-24 02-22-22.jpg,500 
2024-04-27 13-32-32,Bike,No Helmet, tsr9evesz,/voilations/voilation_vehicle2024-04-27 13-32-32.jpg,500 
2024-04-27 13-33-13,Bike,No Helmet, tsryevess7,/voilations/voilation_vehicle2024-04-27 13-33-13.jpg,500 
2024-04-27 13-34-52,Bike,No Helmet, tsr9evesz,/voilations/voilation_vehicle2024-04-27 13-34-52.jpg,500 
2024-04-27 13-35-04,Bike,No Helmet, tsryevess7,/voilations/voilation_vehicle2024-04-27 13-35-04.jpg,500 
2024-04-30 14-15-45,Bike,No Helmet, tsr9evesz,/voilations/voilation_vehicle2024-04-30 14-15-45.jpg,500 
2024-04-30 14-15-55,Bike,No Helmet, tsryevess7,/voilations/voilation_vehicle2024-04-30 14-15-55.jpg,500 
2024-04-30 14-16-08,Bike,No Helmet, rsevesz,/voilations/voilation_vehicle2024-04-30 14-16-08.jpg,500 
2024-04-30 15-15-13,Bike,No Helmet, tsr9evesz,/voilations/voilation_vehicle2024-04-30 15-15-13.jpg,500 
2024-04-30 15-15-24,Bike,No Helmet, tsryevess7,/voilations/voilation_vehicle2024-04-30 15-15-24.jpg,500 
2024-04-30 15-15-37,Bike,No Helmet, rsevesz,/voilations/voilation_vehicle2024-04-30 15-15-37.jpg,500 
2024-04-30 15-15-46,Bike,No Helmet, tsyeves3z,/voilations/voilation_vehicle2024-04-30 15-15-46.jpg,500 
2024-04-30 15-15-55,Bike,No Helmet, eveiz,/voilations/voilation_vehicle2024-04-30 15-15-55.jpg,500 
2024-04-30 15-16-04,Bike,No Helmet, kfst5evssjz,/voilations/voilation_vehicle2024-04-30 15-16-04.jpg,500 
2024-04-30 15-16-35,Bike,No Helmet, tsff9evezz,/voilations/voilation_vehicle2024-04-30 15-16-35.jpg,500 
2024-04-30 15-16-45,Bike,No Helmet, tst9evei3z,/voilations/voilation_vehicle2024-04-30 15-16-45.jpg,500 
2024-04-30 15-16-59,Bike,No Helmet, eiessz,/voilations/voilation_vehicle2024-04-30 15-16-59.jpg,500 
2024-04-30 15-19-27,Bike,No Helmet, tsr9evesz,/voilations/voilation_vehicle2024-04-30 15-19-27.jpg,500 
2024-04-30 15-19-37,Bike,No Helmet, tsryevess7,/voilations/voilation_vehicle2024-04-30 15-19-37.jpg,500 
2024-04-30 15-19-51,Bike,No Helmet, rsevesz,/voilations/voilation_vehicle2024-04-30 15-19-51.jpg,500 
2024-04-30 15-20-00,Bike,No Helmet, tsyeves3z,/voilations/voilation_vehicle2024-04-30 15-20-00.jpg,500 
2024-04-30 15-20-09,Bike,No Helmet, eveiz,/voilations/voilation_vehicle2024-04-30 15-20-09.jpg,500 
2024-04-30 15-20-18,Bike,No Helmet, kfst5evssjz,/voilations/voilation_vehicle2024-04-30 15-20-18.jpg,500 
2024-04-30 15-45-44,Bike,No Helmet, tsr9evesz,/voilations/voilation_vehicle2024-04-30 15-45-44.jpg,500 
2024-04-30 15-45-58,Bike,No Helmet, tsryevess7,/voilations/voilation_vehicle2024-04-30 15-45-58.jpg,500 
2024-04-30 15-46-17,Bike,No Helmet, rsevesz,/voilations/voilation_vehicle2024-04-30 15-46-17.jpg,500 
2024-04-30 15-47-21,Bike,No Helmet, tsyeves3z,/voilations/voilation_vehicle2024-04-30 15-47-21.jpg,500 
2024-04-30 15-47-33,Bike,No Helmet, eveiz,/voilations/voilation_vehicle2024-04-30 15-47-33.jpg,500 
2024-04-30 15-49-29,Bike,No Helmet, tsr9evesz,/voilations/voilation_vehicle2024-04-30 15-49-29.jpg,500 
2024-04-30 15-49-51,Bike,No Helmet, tsryevess7,/voilations/voilation_vehicle2024-04-30 15-49-51.jpg,500 
2024-04-30 15-50-03,Bike,No Helmet, rsevesz,/voilations/voilation_vehicle2024-04-30 15-50-03.jpg,500 
2024-04-30 15-50-49,Bike,No Helmet, tsr9evesz,/voilations/voilation_vehicle2024-04-30 15-50-49.jpg,500 
2024-04-30 15-51-00,Bike,No Helmet, tsryevess7,/voilations/voilation_vehicle2024-04-30 15-51-00.jpg,500 
2024-04-30 15-51-14,Bike,No Helmet, rsevesz,/voilations/voilation_vehicle2024-04-30 15-51-14.jpg,500 
2024-04-30 15-51-24,Bike,No Helmet, tsyeves3z,/voilations/voilation_vehicle2024-04-30 15-51-24.jpg,500 
2024-04-30 15-52-14,Bike,No Helmet, tsr9evesz,/voilations/voilation_vehicle2024-04-30 15-52-14.jpg,500 
2024-04-30 15-52-25,Bike,No Helmet, tsryevess7,/voilations/voilation_vehicle2024-04-30 15-52-25.jpg,500 
2024-04-30 15-52-37,Bike,No Helmet, rsevesz,/voilations/voilation_vehicle2024-04-30 15-52-37.jpg,500 
2024-04-30 15-52-47,Bike,No Helmet, tsyeves3z,/voilations/voilation_vehicle2024-04-30 15-52-47.jpg,500 
2024-04-30 15-52-58,Bike,No Helmet, eveiz,/voilations/voilation_vehicle2024-04-30 15-52-58.jpg,500 
2024-04-30 15-53-08,Bike,No Helmet, kfst5evssjz,/voilations/voilation_vehicle2024-04-30 15-53-08.jpg,500 
2024-04-30 15-53-41,Bike,No Helmet, tsff9evezz,/voilations/voilation_vehicle2024-04-30 15-53-41.jpg,500 
2024-04-30 15-53-53,Bike,No Helmet, tst9evei3z,/voilations/voilation_vehicle2024-04-30 15-53-53.jpg,500 
2024-04-30 15-54-12,Bike,No Helmet, eiessz,/voilations/voilation_vehicle2024-04-30 15-54-12.jpg,500 
2024-05-03 14-40-16,Bike,No Helmet, tsr9evesz,/voilations/voilation_vehicle2024-05-03 14-40-16.jpg,500 
2024-05-03 14-40-25,Bike,No Helmet, tsryevess7,/voilations/voilation_vehicle2024-05-03 14-40-25.jpg,500 
2024-05-03 14-40-38,Bike,No Helmet, rsevesz,/voilations/voilation_vehicle2024-05-03 14-40-38.jpg,500 
2024-05-03 14-40-45,Bike,No Helmet, tsyeves3z,/voilations/voilation_vehicle2024-05-03 14-40-45.jpg,500 
2024-05-03 14-40-55,Bike,No Helmet, eveiz,/voilations/voilation_vehicle2024-05-03 14-40-55.jpg,500 
2024-05-03 14-41-04,Bike,No Helmet, kfst5evssjz,/voilations/voilation_vehicle2024-05-03 14-41-04.jpg,500 
2024-05-03 14-41-34,Bike,No Helmet, tsff9evezz,/voilations/voilation_vehicle2024-05-03 14-41-34.jpg,500 
2024-05-03 14-41-42,Bike,No Helmet, tst9evei3z,/voilations/voilation_vehicle2024-05-03 14-41-42.jpg,500 
2024-05-03 14-41-55,Bike,No Helmet, eiessz,/voilations/voilation_vehicle2024-05-03 14-41-55.jpg,500 
2024-05-03 14-44-15,Bike,No Helmet, tsr9evesz,/voilations/voilation_vehicle2024-05-03 14-44-15.jpg,500 
2024-05-03 14-44-23,Bike,No Helmet, tsryevess7,/voilations/voilation_vehicle2024-05-03 14-44-23.jpg,500 
2024-05-03 14-44-35,Bike,No Helmet, rsevesz,/voilations/voilation_vehicle2024-05-03 14-44-35.jpg,500 
2024-05-03 14-44-44,Bike,No Helmet, tsyeves3z,/voilations/voilation_vehicle2024-05-03 14-44-44.jpg,500 
2024-05-03 14-44-52,Bike,No Helmet, eveiz,/voilations/voilation_vehicle2024-05-03 14-44-52.jpg,500 
2024-05-03 14-45-01,Bike,No Helmet, kfst5evssjz,/voilations/voilation_vehicle2024-05-03 14-45-01.jpg,500 
